"","Biotic Index (BI)","Fecal Coliform","Specific Conductance","Total Nitrogen","Total Phosphorus","Turbidity"
"Biotic Index (BI)",0.027262749992417,0.00499035898083656,0.0122127584545551,0.0174373038836609,0.0195081047787991,-0.0113921527110746
"Fecal Coliform",0.00499035898083656,1.02636927992015,0.121309557987245,0.202688495448706,0.161986806519507,0.214102741423517
"Specific Conductance",0.0122127584545551,0.121309557987245,0.190036599813216,0.205445345336533,0.214494954621956,0.0347567321818517
"Total Nitrogen",0.0174373038836609,0.202688495448706,0.205445345336533,0.41802986267079,0.410946755692078,0.0587112543471967
"Total Phosphorus",0.0195081047787991,0.161986806519507,0.214494954621956,0.410946755692078,0.632354836032172,0.0799646522423596
"Turbidity",-0.0113921527110746,0.214102741423517,0.0347567321818517,0.0587112543471967,0.0799646522423596,0.150400723952705
